Epoch,Loss
0,5407.355874483523
1,5176.454932140858
2,5214.550539445011
3,5200.441104046089
4,4989.4259041255755
5,4771.555662180152
6,4453.686022112462
7,4128.714761236097
